name,rapport_required
Nova Elizabeth,277
Elizabeth Henry,1534
Lillian Noah,1957
Emma Mateo,1634
Jayden Henry,247
Camila Gabriel,304
Scarlett Luke,407
Elena Landon,1199
Leah James,1059
Mila Ryan,1942
Aaliyah Olivia,258
Ezra Ryan,982
Ella Mia,1619
Grace Emily,802
Luna Lincoln,768
Harper Ella,337
Elizabeth Aria,677
Logan Michael,1772
Jackson Emilia,1118
Liam Wyatt,317
Aaliyah Nova,1559
Lincoln Lillian,119
Isaac Julian,133
Dylan Sophia,953
Emily Sophia,346
Victoria John,1314
Mateo Maya,1388
Grayson Aubrey,889
Emma Maya,1091
Wyatt Emilia,252
Andrew Lily,313
Emily Matthew,1928
Henry Andrew,1457
Lincoln Emily,817
Avery Christian,328
Anthony Jack,1703
Leah Madelyn,728
Avery Nathan,1807
Benjamin Hannah,1244
Hudson Sofia,1211
Jaxon Wyatt,1004
Gabriel Isaac,1965
Hannah Madelyn,275
Henry Grayson,1507
William Asher,201
Christian Grayson,940
Matthew Landon,472
Mateo Audrey,1109
Scarlett Nathan,378
Sarah Nora,640
Ellie Jackson,1466
Sofia Isaiah,1630
Sebastian Luna,1823
Olivia Luna,233
Ezra Liam,1911
Andrew Maya,1635
Nova Zoey,697
Henry Levi,1758
Matthew Ryan,114
Nova Elena,885
Sarah Emma,960
Ava Penelope,659
Jayden Madelyn,999
Grace Evelyn,300
Emma Zoey,1297
Nicholas Penelope,345
Matthew Emma,975
Riley Chloe,1522
Charlotte Isaac,766
Zoey Elizabeth,601
Elijah Leah,1316
Aiden Christopher,1339
Mila Sophia,459
John Alice,72
Grayson Elizabeth,139
Noah Isabella,120
Nathan Matthew,181
Wyatt Aubrey,1034
Jayden Stella,928
Elena Anthony,905
Andrew Aubrey,752
Sophie Scarlett,371
Audrey Asher,338
Matthew Mason,93
Paisley Olivia,693
Julian Ellie,281
Anthony Eli,273
Emma Michael,463
Amelia Olivia,697
Maya Aubrey,1373
Alice Jackson,1942
Camila Michael,258
Isaac Elijah,981
Savannah Riley,833
Paisley Landon,1674
James Ethan,1580
Alexander Luke,682
Oliver Hudson,1156
Julian Olivia,972
Isabella Jayden,1610
Darryl Jones,35
James A. Jane,35
Makiya Tipton,30
Siena Wilson,40
Noelle Wells,40
Eric Pack,150
Danager,2000